Timestamp,User Count,Type,Name,Requests/s,Failures/s,50%,66%,75%,80%,90%,95%,98%,99%,99.9%,99.99%,100%,Total Request Count,Total Failure Count,Total Median Response Time,Total Average Response Time,Total Min Response Time,Total Max Response Time,Total Average Content Size
1776775454,0,,Aggregated,0.000000,0.000000,N/A,N/A,N/A,N/A,N/A,N/A,N/A,N/A,N/A,N/A,N/A,0,0,0,0.0,0,0,0
1776775456,100,,Aggregated,0.000000,0.000000,310,390,520,600,610,700,700,700,730,730,730,101,0,310,372.3940940583609,149.67670000623912,726.1261999956332,161.56435643564356
1776775457,200,,Aggregated,0.000000,0.000000,310,400,590,610,810,1100,1100,1100,1200,1200,1200,316,0,310,404.1089196197609,66.23759999638423,1195.1622999913525,160.25316455696202
1776775458,300,,Aggregated,41.500000,0.000000,250,400,550,600,760,840,1100,1100,1200,1200,1200,599,0,250,356.12028447353555,36.56599999521859,1195.1622999913525,159.3338898163606
1776775459,400,,Aggregated,89.666667,0.000000,230,370,510,590,700,820,1100,1100,1200,1200,1200,800,0,230,330.8909281245724,35.25179999996908,1195.1622999913525,159.48375
1776775460,500,,Aggregated,130.250000,0.000000,210,360,480,550,650,810,1000,1100,1200,1200,1200,1000,0,210,313.67851029956364,35.25179999996908,1195.1622999913525,159.477
1776775461,600,,Aggregated,148.800000,0.000000,210,350,470,520,620,760,1000,1100,1100,1200,1200,1200,100,210,304.4451563329009,35.25179999996908,1195.1622999913525,151.98083333333332
1776775462,700,,Aggregated,158.666667,0.000000,210,350,470,540,630,720,850,1100,1100,1200,1200,1400,200,210,302.7170972139408,28.99230000912212,1195.1622999913525,146.62642857142856
1776775463,800,,Aggregated,162.571429,8.714286,210,360,480,550,650,760,870,1100,1100,1200,1200,1546,263,210,312.02550717962475,28.99230000912212,1195.1622999913525,144.36222509702458
1776775464,900,,Aggregated,163.875000,18.000000,210,360,480,550,650,770,930,1000,1100,1200,1200,1800,400,210,308.97058300004574,28.99230000912212,1195.1622999913525,139.48722222222221
1776775465,1000,,Aggregated,164.111111,25.444444,200,360,480,540,640,760,920,1000,1100,1200,1200,2000,500,200,303.22011585008295,26.949699997203425,1195.1622999913525,136.989
1776775466,1000,,Aggregated,164.111111,25.444444,200,360,480,540,640,760,920,1000,1100,1200,1200,2000,500,200,303.22011585008295,26.949699997203425,1195.1622999913525,136.989
1776775467,1000,,Aggregated,164.111111,25.444444,200,360,480,540,640,760,920,1000,1100,1200,1200,2000,500,200,303.22011585008295,26.949699997203425,1195.1622999913525,136.989
1776775468,1000,,Aggregated,164.111111,25.444444,200,360,480,540,640,760,920,1000,1100,1200,1200,2000,500,200,303.22011585008295,26.949699997203425,1195.1622999913525,136.989
1776775469,1000,,Aggregated,164.111111,25.444444,200,360,480,540,640,760,920,1000,1100,1200,1200,2000,500,200,303.22011585008295,26.949699997203425,1195.1622999913525,136.989
1776775470,1000,,Aggregated,164.111111,25.444444,200,360,480,540,640,760,920,1000,1100,1200,1200,2000,500,200,303.22011585008295,26.949699997203425,1195.1622999913525,136.989
1776775471,1000,,Aggregated,164.111111,25.444444,200,360,480,540,640,760,920,1000,1100,1200,1200,2000,500,200,303.22011585008295,26.949699997203425,1195.1622999913525,136.989
1776775472,1000,,Aggregated,164.111111,25.444444,200,360,480,540,640,760,920,1000,1100,1200,1200,2000,500,200,303.22011585008295,26.949699997203425,1195.1622999913525,136.989
1776775473,1000,,Aggregated,164.111111,25.444444,200,360,480,540,640,760,920,1000,1100,1200,1200,2000,500,200,303.22011585008295,26.949699997203425,1195.1622999913525,136.989
1776775474,1000,,Aggregated,164.111111,25.444444,200,360,480,540,640,760,920,1000,1100,1200,1200,2000,500,200,303.22011585008295,26.949699997203425,1195.1622999913525,136.989
1776775475,1000,,Aggregated,164.111111,25.444444,200,360,480,540,640,760,920,1000,1100,1200,1200,2000,500,200,303.22011585008295,26.949699997203425,1195.1622999913525,136.989
1776775476,1000,,Aggregated,164.111111,25.444444,200,360,480,540,640,760,920,1000,1100,1200,1200,2000,500,200,303.22011585008295,26.949699997203425,1195.1622999913525,136.989
1776775477,1000,,Aggregated,164.111111,25.444444,200,360,480,540,640,760,920,1000,1100,1200,1200,2000,500,200,303.22011585008295,26.949699997203425,1195.1622999913525,136.989
1776775478,1000,,Aggregated,164.111111,25.444444,200,360,480,540,640,760,920,1000,1100,1200,1200,2000,500,200,303.22011585008295,26.949699997203425,1195.1622999913525,136.989
1776775479,1000,,Aggregated,164.111111,25.444444,200,360,480,540,640,760,920,1000,1100,1200,1200,2000,500,200,303.22011585008295,26.949699997203425,1195.1622999913525,136.989
1776775480,1000,,Aggregated,164.111111,25.444444,200,360,480,540,640,760,920,1000,1100,1200,1200,2000,500,200,303.22011585008295,26.949699997203425,1195.1622999913525,136.989
1776775481,1000,,Aggregated,164.111111,25.444444,200,360,480,540,640,760,920,1000,1100,1200,1200,2000,500,200,303.22011585008295,26.949699997203425,1195.1622999913525,136.989
1776775482,1000,,Aggregated,164.111111,25.444444,200,360,480,540,640,760,920,1000,1100,1200,1200,2000,500,200,303.22011585008295,26.949699997203425,1195.1622999913525,136.989
1776775483,1000,,Aggregated,164.111111,25.444444,200,360,480,540,640,760,920,1000,1100,1200,1200,2000,500,200,303.22011585008295,26.949699997203425,1195.1622999913525,136.989
1776775484,1000,,Aggregated,164.111111,25.444444,200,360,480,540,640,760,920,1000,1100,1200,1200,2000,500,200,303.22011585008295,26.949699997203425,1195.1622999913525,136.989
1776775485,1000,,Aggregated,164.111111,25.444444,200,360,480,540,640,760,920,1000,1100,1200,1200,2000,500,200,303.22011585008295,26.949699997203425,1195.1622999913525,136.989
1776775486,1000,,Aggregated,164.111111,25.444444,200,360,480,540,640,760,920,1000,1100,1200,1200,2000,500,200,303.22011585008295,26.949699997203425,1195.1622999913525,136.989
1776775487,1000,,Aggregated,164.111111,25.444444,200,360,480,540,640,760,920,1000,1100,1200,1200,2000,500,200,303.22011585008295,26.949699997203425,1195.1622999913525,136.989
1776775488,1000,,Aggregated,164.111111,25.444444,200,360,480,540,640,760,920,1000,1100,1200,1200,2000,500,200,303.22011585008295,26.949699997203425,1195.1622999913525,136.989
1776775489,1000,,Aggregated,164.111111,25.444444,200,360,480,540,640,760,920,1000,1100,1200,1200,2000,500,200,303.22011585008295,26.949699997203425,1195.1622999913525,136.989
1776775490,1000,,Aggregated,164.111111,25.444444,200,360,480,540,640,760,920,1000,1100,1200,1200,2000,500,200,303.22011585008295,26.949699997203425,1195.1622999913525,136.989
1776775491,1000,,Aggregated,164.111111,25.444444,200,360,480,540,640,760,920,1000,1100,1200,1200,2000,500,200,303.22011585008295,26.949699997203425,1195.1622999913525,136.989
1776775492,1000,,Aggregated,164.111111,25.444444,200,360,480,540,640,760,920,1000,1100,1200,1200,2000,500,200,303.22011585008295,26.949699997203425,1195.1622999913525,136.989
1776775493,1000,,Aggregated,164.111111,25.444444,200,360,480,540,640,760,920,1000,1100,1200,1200,2000,500,200,303.22011585008295,26.949699997203425,1195.1622999913525,136.989
1776775494,1000,,Aggregated,164.111111,25.444444,200,360,480,540,640,760,920,1000,1100,1200,1200,2000,500,200,303.22011585008295,26.949699997203425,1195.1622999913525,136.989
1776775495,1000,,Aggregated,164.111111,25.444444,200,360,480,540,640,760,920,1000,1100,1200,1200,2000,500,200,303.22011585008295,26.949699997203425,1195.1622999913525,136.989
1776775496,1000,,Aggregated,164.111111,25.444444,200,360,480,540,640,760,920,1000,1100,1200,1200,2000,500,200,303.22011585008295,26.949699997203425,1195.1622999913525,136.989
1776775497,1000,,Aggregated,164.111111,25.444444,200,360,480,540,640,760,920,1000,1100,1200,1200,2000,500,200,303.22011585008295,26.949699997203425,1195.1622999913525,136.989
1776775498,1000,,Aggregated,164.111111,25.444444,200,360,480,540,640,760,920,1000,1100,1200,1200,2000,500,200,303.22011585008295,26.949699997203425,1195.1622999913525,136.989
1776775499,1000,,Aggregated,164.111111,25.444444,200,360,480,540,640,760,920,1000,1100,1200,1200,2000,500,200,303.22011585008295,26.949699997203425,1195.1622999913525,136.989
1776775500,1000,,Aggregated,164.111111,25.444444,200,360,480,540,640,760,920,1000,1100,1200,1200,2000,500,200,303.22011585008295,26.949699997203425,1195.1622999913525,136.989
1776775501,1000,,Aggregated,164.111111,25.444444,200,360,480,540,640,760,920,1000,1100,1200,1200,2000,500,200,303.22011585008295,26.949699997203425,1195.1622999913525,136.989
1776775502,1000,,Aggregated,164.111111,25.444444,200,360,480,540,640,760,920,1000,1100,1200,1200,2000,500,200,303.22011585008295,26.949699997203425,1195.1622999913525,136.989
1776775503,1000,,Aggregated,164.111111,25.444444,200,360,480,540,640,760,920,1000,1100,1200,1200,2000,500,200,303.22011585008295,26.949699997203425,1195.1622999913525,136.989
1776775504,1000,,Aggregated,164.111111,25.444444,200,360,480,540,640,760,920,1000,1100,1200,1200,2000,500,200,303.22011585008295,26.949699997203425,1195.1622999913525,136.989
1776775505,1000,,Aggregated,164.111111,25.444444,200,360,480,540,640,760,920,1000,1100,1200,1200,2000,500,200,303.22011585008295,26.949699997203425,1195.1622999913525,136.989
1776775506,1000,,Aggregated,164.111111,25.444444,200,360,480,540,640,760,920,1000,1100,1200,1200,2000,500,200,303.22011585008295,26.949699997203425,1195.1622999913525,136.989
1776775507,1000,,Aggregated,164.111111,25.444444,200,360,480,540,640,760,920,1000,1100,1200,1200,2000,500,200,303.22011585008295,26.949699997203425,1195.1622999913525,136.989
1776775508,1000,,Aggregated,164.111111,25.444444,200,360,480,540,640,760,920,1000,1100,1200,1200,2000,500,200,303.22011585008295,26.949699997203425,1195.1622999913525,136.989
1776775509,1000,,Aggregated,164.111111,25.444444,200,360,480,540,640,760,920,1000,1100,1200,1200,2000,500,200,303.22011585008295,26.949699997203425,1195.1622999913525,136.989
1776775510,1000,,Aggregated,164.111111,25.444444,200,360,480,540,640,760,920,1000,1100,1200,1200,2000,500,200,303.22011585008295,26.949699997203425,1195.1622999913525,136.989
1776775511,1000,,Aggregated,164.111111,25.444444,200,360,480,540,640,760,920,1000,1100,1200,1200,2000,500,200,303.22011585008295,26.949699997203425,1195.1622999913525,136.989
1776775512,1000,,Aggregated,164.111111,25.444444,200,360,480,540,640,760,920,1000,1100,1200,1200,2000,500,200,303.22011585008295,26.949699997203425,1195.1622999913525,136.989
1776775513,1000,,Aggregated,164.111111,25.444444,200,360,480,540,640,760,920,1000,1100,1200,1200,2000,500,200,303.22011585008295,26.949699997203425,1195.1622999913525,136.989
1776775514,1000,,Aggregated,164.111111,25.444444,200,360,480,540,640,760,920,1000,1100,1200,1200,2000,500,200,303.22011585008295,26.949699997203425,1195.1622999913525,136.989
1776775515,1000,,Aggregated,164.111111,25.444444,200,360,480,540,640,760,920,1000,1100,1200,1200,2000,500,200,303.22011585008295,26.949699997203425,1195.1622999913525,136.989
1776775516,1000,,Aggregated,164.111111,25.444444,200,360,480,540,640,760,920,1000,1100,1200,1200,2000,500,200,303.22011585008295,26.949699997203425,1195.1622999913525,136.989
1776775517,1000,,Aggregated,164.111111,25.444444,200,360,480,540,640,760,920,1000,1100,1200,1200,2000,500,200,303.22011585008295,26.949699997203425,1195.1622999913525,136.989
1776775518,1000,,Aggregated,164.111111,25.444444,200,360,480,540,640,760,920,1000,1100,1200,1200,2000,500,200,303.22011585008295,26.949699997203425,1195.1622999913525,136.989
1776775519,1000,,Aggregated,164.111111,25.444444,200,360,480,540,640,760,920,1000,1100,1200,1200,2000,500,200,303.22011585008295,26.949699997203425,1195.1622999913525,136.989
1776775520,1000,,Aggregated,164.111111,25.444444,200,360,480,540,640,760,920,1000,1100,1200,1200,2000,500,200,303.22011585008295,26.949699997203425,1195.1622999913525,136.989
1776775521,1000,,Aggregated,164.111111,25.444444,200,360,480,540,640,760,920,1000,1100,1200,1200,2000,500,200,303.22011585008295,26.949699997203425,1195.1622999913525,136.989
1776775522,1000,,Aggregated,164.111111,25.444444,200,360,480,540,640,760,920,1000,1100,1200,1200,2000,500,200,303.22011585008295,26.949699997203425,1195.1622999913525,136.989
1776775523,1000,,Aggregated,164.111111,25.444444,200,360,480,540,640,760,920,1000,1100,1200,1200,2000,500,200,303.22011585008295,26.949699997203425,1195.1622999913525,136.989
1776775524,1000,,Aggregated,164.111111,25.444444,200,360,480,540,640,760,920,1000,1100,1200,1200,2000,500,200,303.22011585008295,26.949699997203425,1195.1622999913525,136.989
1776775525,1000,,Aggregated,164.111111,25.444444,200,360,480,540,640,760,920,1000,1100,1200,1200,2000,500,200,303.22011585008295,26.949699997203425,1195.1622999913525,136.989
1776775526,1000,,Aggregated,164.111111,25.444444,200,360,480,540,640,760,920,1000,1100,1200,1200,2000,500,200,303.22011585008295,26.949699997203425,1195.1622999913525,136.989
1776775527,1000,,Aggregated,164.111111,25.444444,200,360,480,540,640,760,920,1000,1100,1200,1200,2000,500,200,303.22011585008295,26.949699997203425,1195.1622999913525,136.989
1776775528,1000,,Aggregated,164.111111,25.444444,200,360,480,540,640,760,920,1000,1100,1200,1200,2000,500,200,303.22011585008295,26.949699997203425,1195.1622999913525,136.989
1776775529,1000,,Aggregated,164.111111,25.444444,200,360,480,540,640,760,920,1000,1100,1200,1200,2000,500,200,303.22011585008295,26.949699997203425,1195.1622999913525,136.989
1776775530,1000,,Aggregated,164.111111,25.444444,200,360,480,540,640,760,920,1000,1100,1200,1200,2000,500,200,303.22011585008295,26.949699997203425,1195.1622999913525,136.989
1776775532,1000,,Aggregated,164.111111,25.444444,200,360,480,540,640,760,920,1000,1100,1200,1200,2000,500,200,303.22011585008295,26.949699997203425,1195.1622999913525,136.989
1776775533,1000,,Aggregated,164.111111,25.444444,200,360,480,540,640,760,920,1000,1100,1200,1200,2000,500,200,303.22011585008295,26.949699997203425,1195.1622999913525,136.989
1776775534,1000,,Aggregated,164.111111,25.444444,200,360,480,540,640,760,920,1000,1100,1200,1200,2000,500,200,303.22011585008295,26.949699997203425,1195.1622999913525,136.989
1776775535,1000,,Aggregated,164.111111,25.444444,200,360,480,540,640,760,920,1000,1100,1200,1200,2000,500,200,303.22011585008295,26.949699997203425,1195.1622999913525,136.989
1776775536,1000,,Aggregated,164.111111,25.444444,200,360,480,540,640,760,920,1000,1100,1200,1200,2000,500,200,303.22011585008295,26.949699997203425,1195.1622999913525,136.989
1776775537,1000,,Aggregated,164.111111,25.444444,200,360,480,540,640,760,920,1000,1100,1200,1200,2000,500,200,303.22011585008295,26.949699997203425,1195.1622999913525,136.989
1776775538,1000,,Aggregated,164.111111,25.444444,200,360,480,540,640,760,920,1000,1100,1200,1200,2000,500,200,303.22011585008295,26.949699997203425,1195.1622999913525,136.989
1776775539,1000,,Aggregated,164.111111,25.444444,200,360,480,540,640,760,920,1000,1100,1200,1200,2000,500,200,303.22011585008295,26.949699997203425,1195.1622999913525,136.989
1776775540,1000,,Aggregated,164.111111,25.444444,200,360,480,540,640,760,920,1000,1100,1200,1200,2000,500,200,303.22011585008295,26.949699997203425,1195.1622999913525,136.989
1776775541,1000,,Aggregated,164.111111,25.444444,200,360,480,540,640,760,920,1000,1100,1200,1200,2000,500,200,303.22011585008295,26.949699997203425,1195.1622999913525,136.989
1776775542,1000,,Aggregated,164.111111,25.444444,200,360,480,540,640,760,920,1000,1100,1200,1200,2000,500,200,303.22011585008295,26.949699997203425,1195.1622999913525,136.989
1776775543,1000,,Aggregated,164.111111,25.444444,200,360,480,540,640,760,920,1000,1100,1200,1200,2000,500,200,303.22011585008295,26.949699997203425,1195.1622999913525,136.989
1776775544,1000,,Aggregated,164.111111,25.444444,200,360,480,540,640,760,920,1000,1100,1200,1200,2000,500,200,303.22011585008295,26.949699997203425,1195.1622999913525,136.989
1776775545,1000,,Aggregated,164.111111,25.444444,200,360,480,540,640,760,920,1000,1100,1200,1200,2000,500,200,303.22011585008295,26.949699997203425,1195.1622999913525,136.989
1776775546,1000,,Aggregated,164.111111,25.444444,200,360,480,540,640,760,920,1000,1100,1200,1200,2000,500,200,303.22011585008295,26.949699997203425,1195.1622999913525,136.989
1776775547,1000,,Aggregated,164.111111,25.444444,200,360,480,540,640,760,920,1000,1100,1200,1200,2000,500,200,303.22011585008295,26.949699997203425,1195.1622999913525,136.989
1776775548,1000,,Aggregated,164.111111,25.444444,200,360,480,540,640,760,920,1000,1100,1200,1200,2000,500,200,303.22011585008295,26.949699997203425,1195.1622999913525,136.989
1776775549,1000,,Aggregated,164.111111,25.444444,200,360,480,540,640,760,920,1000,1100,1200,1200,2000,500,200,303.22011585008295,26.949699997203425,1195.1622999913525,136.989
1776775550,1000,,Aggregated,164.111111,25.444444,200,360,480,540,640,760,920,1000,1100,1200,1200,2000,500,200,303.22011585008295,26.949699997203425,1195.1622999913525,136.989
1776775551,1000,,Aggregated,164.111111,25.444444,200,360,480,540,640,760,920,1000,1100,1200,1200,2000,500,200,303.22011585008295,26.949699997203425,1195.1622999913525,136.989
1776775552,1000,,Aggregated,164.111111,25.444444,200,360,480,540,640,760,920,1000,1100,1200,1200,2000,500,200,303.22011585008295,26.949699997203425,1195.1622999913525,136.989
1776775553,1000,,Aggregated,164.111111,25.444444,200,360,480,540,640,760,920,1000,1100,1200,1200,2000,500,200,303.22011585008295,26.949699997203425,1195.1622999913525,136.989
1776775554,1000,,Aggregated,164.111111,25.444444,200,360,480,540,640,760,920,1000,1100,1200,1200,2000,500,200,303.22011585008295,26.949699997203425,1195.1622999913525,136.989
1776775555,1000,,Aggregated,164.111111,25.444444,200,360,480,540,640,760,920,1000,1100,1200,1200,2000,500,200,303.22011585008295,26.949699997203425,1195.1622999913525,136.989
1776775556,1000,,Aggregated,164.111111,25.444444,200,360,480,540,640,760,920,1000,1100,1200,1200,2000,500,200,303.22011585008295,26.949699997203425,1195.1622999913525,136.989
1776775557,1000,,Aggregated,164.111111,25.444444,200,360,480,540,640,760,920,1000,1100,1200,1200,2000,500,200,303.22011585008295,26.949699997203425,1195.1622999913525,136.989
1776775558,1000,,Aggregated,164.111111,25.444444,200,360,480,540,640,760,920,1000,1100,1200,1200,2000,500,200,303.22011585008295,26.949699997203425,1195.1622999913525,136.989
1776775559,1000,,Aggregated,164.111111,25.444444,200,360,480,540,640,760,920,1000,1100,1200,1200,2000,500,200,303.22011585008295,26.949699997203425,1195.1622999913525,136.989
1776775560,1000,,Aggregated,164.111111,25.444444,200,360,480,540,640,760,920,1000,1100,1200,1200,2000,500,200,303.22011585008295,26.949699997203425,1195.1622999913525,136.989
1776775561,1000,,Aggregated,164.111111,25.444444,200,360,480,540,640,760,920,1000,1100,1200,1200,2000,500,200,303.22011585008295,26.949699997203425,1195.1622999913525,136.989
1776775562,1000,,Aggregated,164.111111,25.444444,200,360,480,540,640,760,920,1000,1100,1200,1200,2000,500,200,303.22011585008295,26.949699997203425,1195.1622999913525,136.989
1776775563,1000,,Aggregated,164.111111,25.444444,200,360,480,540,640,760,920,1000,1100,1200,1200,2000,500,200,303.22011585008295,26.949699997203425,1195.1622999913525,136.989
1776775564,1000,,Aggregated,164.111111,25.444444,200,360,480,540,640,760,920,1000,1100,1200,1200,2000,500,200,303.22011585008295,26.949699997203425,1195.1622999913525,136.989
1776775565,1000,,Aggregated,164.111111,25.444444,200,360,480,540,640,760,920,1000,1100,1200,1200,2000,500,200,303.22011585008295,26.949699997203425,1195.1622999913525,136.989
1776775566,1000,,Aggregated,164.111111,25.444444,200,360,480,540,640,760,920,1000,1100,1200,1200,2000,500,200,303.22011585008295,26.949699997203425,1195.1622999913525,136.989
1776775567,1000,,Aggregated,164.111111,25.444444,200,360,480,540,640,760,920,1000,1100,1200,1200,2000,500,200,303.22011585008295,26.949699997203425,1195.1622999913525,136.989
1776775568,1000,,Aggregated,164.111111,25.444444,200,360,480,540,640,760,920,1000,1100,1200,1200,2000,500,200,303.22011585008295,26.949699997203425,1195.1622999913525,136.989
1776775569,1000,,Aggregated,164.111111,25.444444,200,360,480,540,640,760,920,1000,1100,1200,1200,2000,500,200,303.22011585008295,26.949699997203425,1195.1622999913525,136.989
1776775570,1000,,Aggregated,164.111111,25.444444,200,360,480,540,640,760,920,1000,1100,1200,1200,2000,500,200,303.22011585008295,26.949699997203425,1195.1622999913525,136.989
1776775571,1000,,Aggregated,164.111111,25.444444,200,360,480,540,640,760,920,1000,1100,1200,1200,2000,500,200,303.22011585008295,26.949699997203425,1195.1622999913525,136.989
1776775572,1000,,Aggregated,164.111111,25.444444,200,360,480,540,640,760,920,1000,1100,1200,1200,2000,500,200,303.22011585008295,26.949699997203425,1195.1622999913525,136.989
1776775573,1000,,Aggregated,164.111111,25.444444,200,360,480,540,640,760,920,1000,1100,1200,1200,2000,500,200,303.22011585008295,26.949699997203425,1195.1622999913525,136.989
1776775574,1000,,Aggregated,164.111111,25.444444,200,360,480,540,640,760,920,1000,1100,1200,1200,2000,500,200,303.22011585008295,26.949699997203425,1195.1622999913525,136.989
1776775575,1000,,Aggregated,164.111111,25.444444,200,360,480,540,640,760,920,1000,1100,1200,1200,2000,500,200,303.22011585008295,26.949699997203425,1195.1622999913525,136.989
1776775576,1000,,Aggregated,164.111111,25.444444,200,360,480,540,640,760,920,1000,1100,1200,1200,2000,500,200,303.22011585008295,26.949699997203425,1195.1622999913525,136.989
1776775577,1000,,Aggregated,164.111111,25.444444,200,360,480,540,640,760,920,1000,1100,1200,1200,2000,500,200,303.22011585008295,26.949699997203425,1195.1622999913525,136.989
1776775578,1000,,Aggregated,164.111111,25.444444,200,360,480,540,640,760,920,1000,1100,1200,1200,2000,500,200,303.22011585008295,26.949699997203425,1195.1622999913525,136.989
1776775579,1000,,Aggregated,164.111111,25.444444,200,360,480,540,640,760,920,1000,1100,1200,1200,2000,500,200,303.22011585008295,26.949699997203425,1195.1622999913525,136.989
1776775580,1000,,Aggregated,164.111111,25.444444,200,360,480,540,640,760,920,1000,1100,1200,1200,2000,500,200,303.22011585008295,26.949699997203425,1195.1622999913525,136.989
1776775581,1000,,Aggregated,164.111111,25.444444,200,360,480,540,640,760,920,1000,1100,1200,1200,2000,500,200,303.22011585008295,26.949699997203425,1195.1622999913525,136.989
1776775582,1000,,Aggregated,164.111111,25.444444,200,360,480,540,640,760,920,1000,1100,1200,1200,2000,500,200,303.22011585008295,26.949699997203425,1195.1622999913525,136.989
1776775583,1000,,Aggregated,164.111111,25.444444,200,360,480,540,640,760,920,1000,1100,1200,1200,2000,500,200,303.22011585008295,26.949699997203425,1195.1622999913525,136.989
1776775584,1000,,Aggregated,164.111111,25.444444,200,360,480,540,640,760,920,1000,1100,1200,1200,2000,500,200,303.22011585008295,26.949699997203425,1195.1622999913525,136.989
1776775585,1000,,Aggregated,164.111111,25.444444,200,360,480,540,640,760,920,1000,1100,1200,1200,2000,500,200,303.22011585008295,26.949699997203425,1195.1622999913525,136.989
1776775586,1000,,Aggregated,164.111111,25.444444,200,360,480,540,640,760,920,1000,1100,1200,1200,2000,500,200,303.22011585008295,26.949699997203425,1195.1622999913525,136.989
1776775587,1000,,Aggregated,164.111111,25.444444,200,360,480,540,640,760,920,1000,1100,1200,1200,2000,500,200,303.22011585008295,26.949699997203425,1195.1622999913525,136.989
1776775588,1000,,Aggregated,164.111111,25.444444,200,360,480,540,640,760,920,1000,1100,1200,1200,2000,500,200,303.22011585008295,26.949699997203425,1195.1622999913525,136.989
1776775589,1000,,Aggregated,164.111111,25.444444,200,360,480,540,640,760,920,1000,1100,1200,1200,2000,500,200,303.22011585008295,26.949699997203425,1195.1622999913525,136.989
1776775590,1000,,Aggregated,164.111111,25.444444,200,360,480,540,640,760,920,1000,1100,1200,1200,2000,500,200,303.22011585008295,26.949699997203425,1195.1622999913525,136.989
1776775591,1000,,Aggregated,164.111111,25.444444,200,360,480,540,640,760,920,1000,1100,1200,1200,2000,500,200,303.22011585008295,26.949699997203425,1195.1622999913525,136.989
1776775592,1000,,Aggregated,164.111111,25.444444,200,360,480,540,640,760,920,1000,1100,1200,1200,2000,500,200,303.22011585008295,26.949699997203425,1195.1622999913525,136.989
1776775593,1000,,Aggregated,164.111111,25.444444,200,360,480,540,640,760,920,1000,1100,1200,1200,2000,500,200,303.22011585008295,26.949699997203425,1195.1622999913525,136.989
1776775594,1000,,Aggregated,164.111111,25.444444,200,360,480,540,640,760,920,1000,1100,1200,1200,2000,500,200,303.22011585008295,26.949699997203425,1195.1622999913525,136.989
1776775595,1000,,Aggregated,164.111111,25.444444,200,360,480,540,640,760,920,1000,1100,1200,1200,2000,500,200,303.22011585008295,26.949699997203425,1195.1622999913525,136.989
1776775596,1000,,Aggregated,164.111111,25.444444,200,360,480,540,640,760,920,1000,1100,1200,1200,2000,500,200,303.22011585008295,26.949699997203425,1195.1622999913525,136.989
1776775597,1000,,Aggregated,164.111111,25.444444,200,360,480,540,640,760,920,1000,1100,1200,1200,2000,500,200,303.22011585008295,26.949699997203425,1195.1622999913525,136.989
1776775598,1000,,Aggregated,164.111111,25.444444,200,360,480,540,640,760,920,1000,1100,1200,1200,2000,500,200,303.22011585008295,26.949699997203425,1195.1622999913525,136.989
1776775599,1000,,Aggregated,164.111111,25.444444,200,360,480,540,640,760,920,1000,1100,1200,1200,2000,500,200,303.22011585008295,26.949699997203425,1195.1622999913525,136.989
1776775600,1000,,Aggregated,164.111111,25.444444,200,360,480,540,640,760,920,1000,1100,1200,1200,2000,500,200,303.22011585008295,26.949699997203425,1195.1622999913525,136.989
1776775601,1000,,Aggregated,164.111111,25.444444,200,360,480,540,640,760,920,1000,1100,1200,1200,2000,500,200,303.22011585008295,26.949699997203425,1195.1622999913525,136.989
1776775602,1000,,Aggregated,164.111111,25.444444,200,360,480,540,640,760,920,1000,1100,1200,1200,2000,500,200,303.22011585008295,26.949699997203425,1195.1622999913525,136.989
1776775603,1000,,Aggregated,164.111111,25.444444,200,360,480,540,640,760,920,1000,1100,1200,1200,2000,500,200,303.22011585008295,26.949699997203425,1195.1622999913525,136.989
1776775604,1000,,Aggregated,164.111111,25.444444,200,360,480,540,640,760,920,1000,1100,1200,1200,2000,500,200,303.22011585008295,26.949699997203425,1195.1622999913525,136.989
1776775605,1000,,Aggregated,164.111111,25.444444,200,360,480,540,640,760,920,1000,1100,1200,1200,2000,500,200,303.22011585008295,26.949699997203425,1195.1622999913525,136.989
1776775606,1000,,Aggregated,164.111111,25.444444,200,360,480,540,640,760,920,1000,1100,1200,1200,2000,500,200,303.22011585008295,26.949699997203425,1195.1622999913525,136.989
1776775607,1000,,Aggregated,164.111111,25.444444,200,360,480,540,640,760,920,1000,1100,1200,1200,2000,500,200,303.22011585008295,26.949699997203425,1195.1622999913525,136.989
1776775608,1000,,Aggregated,164.111111,25.444444,200,360,480,540,640,760,920,1000,1100,1200,1200,2000,500,200,303.22011585008295,26.949699997203425,1195.1622999913525,136.989
1776775609,1000,,Aggregated,164.111111,25.444444,200,360,480,540,640,760,920,1000,1100,1200,1200,2000,500,200,303.22011585008295,26.949699997203425,1195.1622999913525,136.989
1776775610,1000,,Aggregated,164.111111,25.444444,200,360,480,540,640,760,920,1000,1100,1200,1200,2000,500,200,303.22011585008295,26.949699997203425,1195.1622999913525,136.989
1776775611,1000,,Aggregated,164.111111,25.444444,200,360,480,540,640,760,920,1000,1100,1200,1200,2000,500,200,303.22011585008295,26.949699997203425,1195.1622999913525,136.989
1776775612,1000,,Aggregated,164.111111,25.444444,200,360,480,540,640,760,920,1000,1100,1200,1200,2000,500,200,303.22011585008295,26.949699997203425,1195.1622999913525,136.989
1776775613,1000,,Aggregated,164.111111,25.444444,200,360,480,540,640,760,920,1000,1100,1200,1200,2000,500,200,303.22011585008295,26.949699997203425,1195.1622999913525,136.989
1776775614,1000,,Aggregated,164.111111,25.444444,200,360,480,540,640,760,920,1000,1100,1200,1200,2000,500,200,303.22011585008295,26.949699997203425,1195.1622999913525,136.989
1776775615,1000,,Aggregated,164.111111,25.444444,200,360,480,540,640,760,920,1000,1100,1200,1200,2000,500,200,303.22011585008295,26.949699997203425,1195.1622999913525,136.989
1776775616,1000,,Aggregated,164.111111,25.444444,200,360,480,540,640,760,920,1000,1100,1200,1200,2000,500,200,303.22011585008295,26.949699997203425,1195.1622999913525,136.989
1776775617,1000,,Aggregated,164.111111,25.444444,200,360,480,540,640,760,920,1000,1100,1200,1200,2000,500,200,303.22011585008295,26.949699997203425,1195.1622999913525,136.989
1776775618,1000,,Aggregated,164.111111,25.444444,200,360,480,540,640,760,920,1000,1100,1200,1200,2000,500,200,303.22011585008295,26.949699997203425,1195.1622999913525,136.989
1776775619,1000,,Aggregated,164.111111,25.444444,200,360,480,540,640,760,920,1000,1100,1200,1200,2000,500,200,303.22011585008295,26.949699997203425,1195.1622999913525,136.989
1776775620,1000,,Aggregated,164.111111,25.444444,200,360,480,540,640,760,920,1000,1100,1200,1200,2000,500,200,303.22011585008295,26.949699997203425,1195.1622999913525,136.989
1776775621,1000,,Aggregated,164.111111,25.444444,200,360,480,540,640,760,920,1000,1100,1200,1200,2000,500,200,303.22011585008295,26.949699997203425,1195.1622999913525,136.989
1776775622,1000,,Aggregated,164.111111,25.444444,200,360,480,540,640,760,920,1000,1100,1200,1200,2000,500,200,303.22011585008295,26.949699997203425,1195.1622999913525,136.989
1776775623,1000,,Aggregated,164.111111,25.444444,200,360,480,540,640,760,920,1000,1100,1200,1200,2000,500,200,303.22011585008295,26.949699997203425,1195.1622999913525,136.989
1776775624,1000,,Aggregated,164.111111,25.444444,200,360,480,540,640,760,920,1000,1100,1200,1200,2000,500,200,303.22011585008295,26.949699997203425,1195.1622999913525,136.989
1776775625,1000,,Aggregated,164.111111,25.444444,200,360,480,540,640,760,920,1000,1100,1200,1200,2000,500,200,303.22011585008295,26.949699997203425,1195.1622999913525,136.989
1776775626,1000,,Aggregated,164.111111,25.444444,200,360,480,540,640,760,920,1000,1100,1200,1200,2000,500,200,303.22011585008295,26.949699997203425,1195.1622999913525,136.989
1776775627,1000,,Aggregated,164.111111,25.444444,200,360,480,540,640,760,920,1000,1100,1200,1200,2000,500,200,303.22011585008295,26.949699997203425,1195.1622999913525,136.989
1776775628,1000,,Aggregated,164.111111,25.444444,200,360,480,540,640,760,920,1000,1100,1200,1200,2000,500,200,303.22011585008295,26.949699997203425,1195.1622999913525,136.989
1776775630,1000,,Aggregated,164.111111,25.444444,200,360,480,540,640,760,920,1000,1100,1200,1200,2000,500,200,303.22011585008295,26.949699997203425,1195.1622999913525,136.989
1776775631,1000,,Aggregated,164.111111,25.444444,200,360,480,540,640,760,920,1000,1100,1200,1200,2000,500,200,303.22011585008295,26.949699997203425,1195.1622999913525,136.989
1776775632,1000,,Aggregated,164.111111,25.444444,200,360,480,540,640,760,920,1000,1100,1200,1200,2000,500,200,303.22011585008295,26.949699997203425,1195.1622999913525,136.989
1776775633,1000,,Aggregated,164.111111,25.444444,200,360,480,540,640,760,920,1000,1100,1200,1200,2000,500,200,303.22011585008295,26.949699997203425,1195.1622999913525,136.989
1776775634,1000,,Aggregated,164.111111,25.444444,200,360,480,540,640,760,920,1000,1100,1200,1200,2000,500,200,303.22011585008295,26.949699997203425,1195.1622999913525,136.989
1776775635,1000,,Aggregated,164.111111,25.444444,200,360,480,540,640,760,920,1000,1100,1200,1200,2000,500,200,303.22011585008295,26.949699997203425,1195.1622999913525,136.989
1776775636,1000,,Aggregated,164.111111,25.444444,200,360,480,540,640,760,920,1000,1100,1200,1200,2000,500,200,303.22011585008295,26.949699997203425,1195.1622999913525,136.989
1776775637,1000,,Aggregated,164.111111,25.444444,200,360,480,540,640,760,920,1000,1100,1200,1200,2000,500,200,303.22011585008295,26.949699997203425,1195.1622999913525,136.989
1776775638,1000,,Aggregated,164.111111,25.444444,200,360,480,540,640,760,920,1000,1100,1200,1200,2000,500,200,303.22011585008295,26.949699997203425,1195.1622999913525,136.989
1776775639,1000,,Aggregated,164.111111,25.444444,200,360,480,540,640,760,920,1000,1100,1200,1200,2000,500,200,303.22011585008295,26.949699997203425,1195.1622999913525,136.989
1776775640,1000,,Aggregated,164.111111,25.444444,200,360,480,540,640,760,920,1000,1100,1200,1200,2000,500,200,303.22011585008295,26.949699997203425,1195.1622999913525,136.989
1776775641,1000,,Aggregated,164.111111,25.444444,200,360,480,540,640,760,920,1000,1100,1200,1200,2000,500,200,303.22011585008295,26.949699997203425,1195.1622999913525,136.989
1776775642,1000,,Aggregated,164.111111,25.444444,200,360,480,540,640,760,920,1000,1100,1200,1200,2000,500,200,303.22011585008295,26.949699997203425,1195.1622999913525,136.989
1776775643,1000,,Aggregated,164.111111,25.444444,200,360,480,540,640,760,920,1000,1100,1200,1200,2000,500,200,303.22011585008295,26.949699997203425,1195.1622999913525,136.989
1776775644,1000,,Aggregated,164.111111,25.444444,200,360,480,540,640,760,920,1000,1100,1200,1200,2000,500,200,303.22011585008295,26.949699997203425,1195.1622999913525,136.989
1776775645,1000,,Aggregated,164.111111,25.444444,200,360,480,540,640,760,920,1000,1100,1200,1200,2000,500,200,303.22011585008295,26.949699997203425,1195.1622999913525,136.989
1776775646,1000,,Aggregated,164.111111,25.444444,200,360,480,540,640,760,920,1000,1100,1200,1200,2000,500,200,303.22011585008295,26.949699997203425,1195.1622999913525,136.989
1776775647,1000,,Aggregated,164.111111,25.444444,200,360,480,540,640,760,920,1000,1100,1200,1200,2000,500,200,303.22011585008295,26.949699997203425,1195.1622999913525,136.989
1776775648,1000,,Aggregated,164.111111,25.444444,200,360,480,540,640,760,920,1000,1100,1200,1200,2000,500,200,303.22011585008295,26.949699997203425,1195.1622999913525,136.989
1776775649,1000,,Aggregated,164.111111,25.444444,200,360,480,540,640,760,920,1000,1100,1200,1200,2000,500,200,303.22011585008295,26.949699997203425,1195.1622999913525,136.989
1776775650,1000,,Aggregated,164.111111,25.444444,200,360,480,540,640,760,920,1000,1100,1200,1200,2000,500,200,303.22011585008295,26.949699997203425,1195.1622999913525,136.989
1776775651,1000,,Aggregated,164.111111,25.444444,200,360,480,540,640,760,920,1000,1100,1200,1200,2000,500,200,303.22011585008295,26.949699997203425,1195.1622999913525,136.989
1776775652,1000,,Aggregated,164.111111,25.444444,200,360,480,540,640,760,920,1000,1100,1200,1200,2000,500,200,303.22011585008295,26.949699997203425,1195.1622999913525,136.989
1776775653,1000,,Aggregated,164.111111,25.444444,200,360,480,540,640,760,920,1000,1100,1200,1200,2000,500,200,303.22011585008295,26.949699997203425,1195.1622999913525,136.989
1776775654,1000,,Aggregated,164.111111,25.444444,200,360,480,540,640,760,920,1000,1100,1200,1200,2000,500,200,303.22011585008295,26.949699997203425,1195.1622999913525,136.989
1776775655,1000,,Aggregated,164.111111,25.444444,200,360,480,540,640,760,920,1000,1100,1200,1200,2000,500,200,303.22011585008295,26.949699997203425,1195.1622999913525,136.989
1776775656,1000,,Aggregated,164.111111,25.444444,200,360,480,540,640,760,920,1000,1100,1200,1200,2000,500,200,303.22011585008295,26.949699997203425,1195.1622999913525,136.989
1776775657,1000,,Aggregated,164.111111,25.444444,200,360,480,540,640,760,920,1000,1100,1200,1200,2000,500,200,303.22011585008295,26.949699997203425,1195.1622999913525,136.989
1776775658,1000,,Aggregated,164.111111,25.444444,200,360,480,540,640,760,920,1000,1100,1200,1200,2000,500,200,303.22011585008295,26.949699997203425,1195.1622999913525,136.989
1776775659,1000,,Aggregated,164.111111,25.444444,200,360,480,540,640,760,920,1000,1100,1200,1200,2000,500,200,303.22011585008295,26.949699997203425,1195.1622999913525,136.989
1776775660,1000,,Aggregated,164.111111,25.444444,200,360,480,540,640,760,920,1000,1100,1200,1200,2000,500,200,303.22011585008295,26.949699997203425,1195.1622999913525,136.989
1776775661,1000,,Aggregated,164.111111,25.444444,200,360,480,540,640,760,920,1000,1100,1200,1200,2000,500,200,303.22011585008295,26.949699997203425,1195.1622999913525,136.989
1776775662,1000,,Aggregated,164.111111,25.444444,200,360,480,540,640,760,920,1000,1100,1200,1200,2000,500,200,303.22011585008295,26.949699997203425,1195.1622999913525,136.989
1776775663,1000,,Aggregated,164.111111,25.444444,200,360,480,540,640,760,920,1000,1100,1200,1200,2000,500,200,303.22011585008295,26.949699997203425,1195.1622999913525,136.989
1776775664,1000,,Aggregated,164.111111,25.444444,200,360,480,540,640,760,920,1000,1100,1200,1200,2000,500,200,303.22011585008295,26.949699997203425,1195.1622999913525,136.989
1776775665,1000,,Aggregated,164.111111,25.444444,200,360,480,540,640,760,920,1000,1100,1200,1200,2000,500,200,303.22011585008295,26.949699997203425,1195.1622999913525,136.989
1776775666,1000,,Aggregated,164.111111,25.444444,200,360,480,540,640,760,920,1000,1100,1200,1200,2000,500,200,303.22011585008295,26.949699997203425,1195.1622999913525,136.989
1776775667,1000,,Aggregated,164.111111,25.444444,200,360,480,540,640,760,920,1000,1100,1200,1200,2000,500,200,303.22011585008295,26.949699997203425,1195.1622999913525,136.989
1776775668,1000,,Aggregated,164.111111,25.444444,200,360,480,540,640,760,920,1000,1100,1200,1200,2000,500,200,303.22011585008295,26.949699997203425,1195.1622999913525,136.989
1776775669,1000,,Aggregated,164.111111,25.444444,200,360,480,540,640,760,920,1000,1100,1200,1200,2000,500,200,303.22011585008295,26.949699997203425,1195.1622999913525,136.989
1776775670,1000,,Aggregated,164.111111,25.444444,200,360,480,540,640,760,920,1000,1100,1200,1200,2000,500,200,303.22011585008295,26.949699997203425,1195.1622999913525,136.989
1776775671,1000,,Aggregated,164.111111,25.444444,200,360,480,540,640,760,920,1000,1100,1200,1200,2000,500,200,303.22011585008295,26.949699997203425,1195.1622999913525,136.989
1776775672,1000,,Aggregated,164.111111,25.444444,200,360,480,540,640,760,920,1000,1100,1200,1200,2000,500,200,303.22011585008295,26.949699997203425,1195.1622999913525,136.989
1776775673,1000,,Aggregated,164.111111,25.444444,200,360,480,540,640,760,920,1000,1100,1200,1200,2000,500,200,303.22011585008295,26.949699997203425,1195.1622999913525,136.989
1776775674,1000,,Aggregated,164.111111,25.444444,200,360,480,540,640,760,920,1000,1100,1200,1200,2000,500,200,303.22011585008295,26.949699997203425,1195.1622999913525,136.989
1776775675,1000,,Aggregated,164.111111,25.444444,200,360,480,540,640,760,920,1000,1100,1200,1200,2000,500,200,303.22011585008295,26.949699997203425,1195.1622999913525,136.989
1776775676,1000,,Aggregated,164.111111,25.444444,200,360,480,540,640,760,920,1000,1100,1200,1200,2000,500,200,303.22011585008295,26.949699997203425,1195.1622999913525,136.989
1776775677,1000,,Aggregated,164.111111,25.444444,200,360,480,540,640,760,920,1000,1100,1200,1200,2000,500,200,303.22011585008295,26.949699997203425,1195.1622999913525,136.989
1776775678,1000,,Aggregated,164.111111,25.444444,200,360,480,540,640,760,920,1000,1100,1200,1200,2000,500,200,303.22011585008295,26.949699997203425,1195.1622999913525,136.989
1776775679,1000,,Aggregated,164.111111,25.444444,200,360,480,540,640,760,920,1000,1100,1200,1200,2000,500,200,303.22011585008295,26.949699997203425,1195.1622999913525,136.989
1776775680,1000,,Aggregated,164.111111,25.444444,200,360,480,540,640,760,920,1000,1100,1200,1200,2000,500,200,303.22011585008295,26.949699997203425,1195.1622999913525,136.989
1776775681,1000,,Aggregated,164.111111,25.444444,200,360,480,540,640,760,920,1000,1100,1200,1200,2000,500,200,303.22011585008295,26.949699997203425,1195.1622999913525,136.989
1776775682,1000,,Aggregated,164.111111,25.444444,200,360,480,540,640,760,920,1000,1100,1200,1200,2000,500,200,303.22011585008295,26.949699997203425,1195.1622999913525,136.989
1776775683,1000,,Aggregated,164.111111,25.444444,200,360,480,540,640,760,920,1000,1100,1200,1200,2000,500,200,303.22011585008295,26.949699997203425,1195.1622999913525,136.989
1776775684,1000,,Aggregated,164.111111,25.444444,200,360,480,540,640,760,920,1000,1100,1200,1200,2000,500,200,303.22011585008295,26.949699997203425,1195.1622999913525,136.989
1776775685,1000,,Aggregated,164.111111,25.444444,200,360,480,540,640,760,920,1000,1100,1200,1200,2000,500,200,303.22011585008295,26.949699997203425,1195.1622999913525,136.989
1776775686,1000,,Aggregated,164.111111,25.444444,200,360,480,540,640,760,920,1000,1100,1200,1200,2000,500,200,303.22011585008295,26.949699997203425,1195.1622999913525,136.989
1776775687,1000,,Aggregated,164.111111,25.444444,200,360,480,540,640,760,920,1000,1100,1200,1200,2000,500,200,303.22011585008295,26.949699997203425,1195.1622999913525,136.989
1776775688,1000,,Aggregated,164.111111,25.444444,200,360,480,540,640,760,920,1000,1100,1200,1200,2000,500,200,303.22011585008295,26.949699997203425,1195.1622999913525,136.989
1776775689,1000,,Aggregated,164.111111,25.444444,200,360,480,540,640,760,920,1000,1100,1200,1200,2000,500,200,303.22011585008295,26.949699997203425,1195.1622999913525,136.989
1776775690,1000,,Aggregated,164.111111,25.444444,200,360,480,540,640,760,920,1000,1100,1200,1200,2000,500,200,303.22011585008295,26.949699997203425,1195.1622999913525,136.989
1776775691,1000,,Aggregated,164.111111,25.444444,200,360,480,540,640,760,920,1000,1100,1200,1200,2000,500,200,303.22011585008295,26.949699997203425,1195.1622999913525,136.989
1776775692,1000,,Aggregated,164.111111,25.444444,200,360,480,540,640,760,920,1000,1100,1200,1200,2000,500,200,303.22011585008295,26.949699997203425,1195.1622999913525,136.989
1776775693,1000,,Aggregated,164.111111,25.444444,200,360,480,540,640,760,920,1000,1100,1200,1200,2000,500,200,303.22011585008295,26.949699997203425,1195.1622999913525,136.989
1776775694,1000,,Aggregated,164.111111,25.444444,200,360,480,540,640,760,920,1000,1100,1200,1200,2000,500,200,303.22011585008295,26.949699997203425,1195.1622999913525,136.989
1776775695,1000,,Aggregated,164.111111,25.444444,200,360,480,540,640,760,920,1000,1100,1200,1200,2000,500,200,303.22011585008295,26.949699997203425,1195.1622999913525,136.989
1776775696,1000,,Aggregated,164.111111,25.444444,200,360,480,540,640,760,920,1000,1100,1200,1200,2000,500,200,303.22011585008295,26.949699997203425,1195.1622999913525,136.989
1776775697,1000,,Aggregated,164.111111,25.444444,200,360,480,540,640,760,920,1000,1100,1200,1200,2000,500,200,303.22011585008295,26.949699997203425,1195.1622999913525,136.989
1776775698,1000,,Aggregated,164.111111,25.444444,200,360,480,540,640,760,920,1000,1100,1200,1200,2000,500,200,303.22011585008295,26.949699997203425,1195.1622999913525,136.989
1776775699,1000,,Aggregated,164.111111,25.444444,200,360,480,540,640,760,920,1000,1100,1200,1200,2000,500,200,303.22011585008295,26.949699997203425,1195.1622999913525,136.989
1776775700,1000,,Aggregated,164.111111,25.444444,200,360,480,540,640,760,920,1000,1100,1200,1200,2000,500,200,303.22011585008295,26.949699997203425,1195.1622999913525,136.989
1776775701,1000,,Aggregated,164.111111,25.444444,200,360,480,540,640,760,920,1000,1100,1200,1200,2000,500,200,303.22011585008295,26.949699997203425,1195.1622999913525,136.989
1776775702,1000,,Aggregated,164.111111,25.444444,200,360,480,540,640,760,920,1000,1100,1200,1200,2000,500,200,303.22011585008295,26.949699997203425,1195.1622999913525,136.989
1776775703,1000,,Aggregated,164.111111,25.444444,200,360,480,540,640,760,920,1000,1100,1200,1200,2000,500,200,303.22011585008295,26.949699997203425,1195.1622999913525,136.989
1776775704,1000,,Aggregated,164.111111,25.444444,200,360,480,540,640,760,920,1000,1100,1200,1200,2000,500,200,303.22011585008295,26.949699997203425,1195.1622999913525,136.989
1776775705,1000,,Aggregated,164.111111,25.444444,200,360,480,540,640,760,920,1000,1100,1200,1200,2000,500,200,303.22011585008295,26.949699997203425,1195.1622999913525,136.989
1776775706,1000,,Aggregated,164.111111,25.444444,200,360,480,540,640,760,920,1000,1100,1200,1200,2000,500,200,303.22011585008295,26.949699997203425,1195.1622999913525,136.989
1776775707,1000,,Aggregated,164.111111,25.444444,200,360,480,540,640,760,920,1000,1100,1200,1200,2000,500,200,303.22011585008295,26.949699997203425,1195.1622999913525,136.989
1776775708,1000,,Aggregated,164.111111,25.444444,200,360,480,540,640,760,920,1000,1100,1200,1200,2000,500,200,303.22011585008295,26.949699997203425,1195.1622999913525,136.989
1776775709,1000,,Aggregated,164.111111,25.444444,200,360,480,540,640,760,920,1000,1100,1200,1200,2000,500,200,303.22011585008295,26.949699997203425,1195.1622999913525,136.989
1776775710,1000,,Aggregated,164.111111,25.444444,200,360,480,540,640,760,920,1000,1100,1200,1200,2000,500,200,303.22011585008295,26.949699997203425,1195.1622999913525,136.989
1776775711,1000,,Aggregated,164.111111,25.444444,200,360,480,540,640,760,920,1000,1100,1200,1200,2000,500,200,303.22011585008295,26.949699997203425,1195.1622999913525,136.989
1776775712,1000,,Aggregated,164.111111,25.444444,200,360,480,540,640,760,920,1000,1100,1200,1200,2000,500,200,303.22011585008295,26.949699997203425,1195.1622999913525,136.989
1776775713,1000,,Aggregated,164.111111,25.444444,200,360,480,540,640,760,920,1000,1100,1200,1200,2000,500,200,303.22011585008295,26.949699997203425,1195.1622999913525,136.989
1776775714,1000,,Aggregated,164.111111,25.444444,200,360,480,540,640,760,920,1000,1100,1200,1200,2000,500,200,303.22011585008295,26.949699997203425,1195.1622999913525,136.989
1776775715,1000,,Aggregated,164.111111,25.444444,200,360,480,540,640,760,920,1000,1100,1200,1200,2000,500,200,303.22011585008295,26.949699997203425,1195.1622999913525,136.989
1776775716,1000,,Aggregated,164.111111,25.444444,200,360,480,540,640,760,920,1000,1100,1200,1200,2000,500,200,303.22011585008295,26.949699997203425,1195.1622999913525,136.989
1776775717,1000,,Aggregated,164.111111,25.444444,200,360,480,540,640,760,920,1000,1100,1200,1200,2000,500,200,303.22011585008295,26.949699997203425,1195.1622999913525,136.989
1776775718,1000,,Aggregated,164.111111,25.444444,200,360,480,540,640,760,920,1000,1100,1200,1200,2000,500,200,303.22011585008295,26.949699997203425,1195.1622999913525,136.989
1776775719,1000,,Aggregated,164.111111,25.444444,200,360,480,540,640,760,920,1000,1100,1200,1200,2000,500,200,303.22011585008295,26.949699997203425,1195.1622999913525,136.989
1776775720,1000,,Aggregated,164.111111,25.444444,200,360,480,540,640,760,920,1000,1100,1200,1200,2000,500,200,303.22011585008295,26.949699997203425,1195.1622999913525,136.989
1776775721,1000,,Aggregated,164.111111,25.444444,200,360,480,540,640,760,920,1000,1100,1200,1200,2000,500,200,303.22011585008295,26.949699997203425,1195.1622999913525,136.989
1776775722,1000,,Aggregated,164.111111,25.444444,200,360,480,540,640,760,920,1000,1100,1200,1200,2000,500,200,303.22011585008295,26.949699997203425,1195.1622999913525,136.989
1776775724,1000,,Aggregated,164.111111,25.444444,200,360,480,540,640,760,920,1000,1100,1200,1200,2000,500,200,303.22011585008295,26.949699997203425,1195.1622999913525,136.989
1776775725,1000,,Aggregated,164.111111,25.444444,200,360,480,540,640,760,920,1000,1100,1200,1200,2000,500,200,303.22011585008295,26.949699997203425,1195.1622999913525,136.989
1776775726,1000,,Aggregated,164.111111,25.444444,200,360,480,540,640,760,920,1000,1100,1200,1200,2000,500,200,303.22011585008295,26.949699997203425,1195.1622999913525,136.989
1776775727,1000,,Aggregated,164.111111,25.444444,200,360,480,540,640,760,920,1000,1100,1200,1200,2000,500,200,303.22011585008295,26.949699997203425,1195.1622999913525,136.989
1776775728,1000,,Aggregated,164.111111,25.444444,200,360,480,540,640,760,920,1000,1100,1200,1200,2000,500,200,303.22011585008295,26.949699997203425,1195.1622999913525,136.989
1776775729,1000,,Aggregated,164.111111,25.444444,200,360,480,540,640,760,920,1000,1100,1200,1200,2000,500,200,303.22011585008295,26.949699997203425,1195.1622999913525,136.989
1776775730,1000,,Aggregated,164.111111,25.444444,200,360,480,540,640,760,920,1000,1100,1200,1200,2000,500,200,303.22011585008295,26.949699997203425,1195.1622999913525,136.989
1776775731,1000,,Aggregated,164.111111,25.444444,200,360,480,540,640,760,920,1000,1100,1200,1200,2000,500,200,303.22011585008295,26.949699997203425,1195.1622999913525,136.989
1776775732,1000,,Aggregated,164.111111,25.444444,200,360,480,540,640,760,920,1000,1100,1200,1200,2000,500,200,303.22011585008295,26.949699997203425,1195.1622999913525,136.989
1776775733,1000,,Aggregated,164.111111,25.444444,200,360,480,540,640,760,920,1000,1100,1200,1200,2000,500,200,303.22011585008295,26.949699997203425,1195.1622999913525,136.989
1776775734,1000,,Aggregated,164.111111,25.444444,200,360,480,540,640,760,920,1000,1100,1200,1200,2000,500,200,303.22011585008295,26.949699997203425,1195.1622999913525,136.989
1776775735,1000,,Aggregated,164.111111,25.444444,200,360,480,540,640,760,920,1000,1100,1200,1200,2000,500,200,303.22011585008295,26.949699997203425,1195.1622999913525,136.989
1776775736,1000,,Aggregated,164.111111,25.444444,200,360,480,540,640,760,920,1000,1100,1200,1200,2000,500,200,303.22011585008295,26.949699997203425,1195.1622999913525,136.989
1776775737,1000,,Aggregated,164.111111,25.444444,200,360,480,540,640,760,920,1000,1100,1200,1200,2000,500,200,303.22011585008295,26.949699997203425,1195.1622999913525,136.989
1776775738,1000,,Aggregated,164.111111,25.444444,200,360,480,540,640,760,920,1000,1100,1200,1200,2000,500,200,303.22011585008295,26.949699997203425,1195.1622999913525,136.989
1776775739,1000,,Aggregated,164.111111,25.444444,200,360,480,540,640,760,920,1000,1100,1200,1200,2000,500,200,303.22011585008295,26.949699997203425,1195.1622999913525,136.989
1776775740,1000,,Aggregated,164.111111,25.444444,200,360,480,540,640,760,920,1000,1100,1200,1200,2000,500,200,303.22011585008295,26.949699997203425,1195.1622999913525,136.989
1776775741,1000,,Aggregated,164.111111,25.444444,200,360,480,540,640,760,920,1000,1100,1200,1200,2000,500,200,303.22011585008295,26.949699997203425,1195.1622999913525,136.989
1776775742,1000,,Aggregated,164.111111,25.444444,200,360,480,540,640,760,920,1000,1100,1200,1200,2000,500,200,303.22011585008295,26.949699997203425,1195.1622999913525,136.989
1776775743,1000,,Aggregated,164.111111,25.444444,200,360,480,540,640,760,920,1000,1100,1200,1200,2000,500,200,303.22011585008295,26.949699997203425,1195.1622999913525,136.989
1776775744,1000,,Aggregated,164.111111,25.444444,200,360,480,540,640,760,920,1000,1100,1200,1200,2000,500,200,303.22011585008295,26.949699997203425,1195.1622999913525,136.989
1776775745,1000,,Aggregated,164.111111,25.444444,200,360,480,540,640,760,920,1000,1100,1200,1200,2000,500,200,303.22011585008295,26.949699997203425,1195.1622999913525,136.989
1776775746,1000,,Aggregated,164.111111,25.444444,200,360,480,540,640,760,920,1000,1100,1200,1200,2000,500,200,303.22011585008295,26.949699997203425,1195.1622999913525,136.989
1776775747,1000,,Aggregated,164.111111,25.444444,200,360,480,540,640,760,920,1000,1100,1200,1200,2000,500,200,303.22011585008295,26.949699997203425,1195.1622999913525,136.989
1776775748,1000,,Aggregated,164.111111,25.444444,200,360,480,540,640,760,920,1000,1100,1200,1200,2000,500,200,303.22011585008295,26.949699997203425,1195.1622999913525,136.989
1776775749,1000,,Aggregated,164.111111,25.444444,200,360,480,540,640,760,920,1000,1100,1200,1200,2000,500,200,303.22011585008295,26.949699997203425,1195.1622999913525,136.989
1776775750,1000,,Aggregated,164.111111,25.444444,200,360,480,540,640,760,920,1000,1100,1200,1200,2000,500,200,303.22011585008295,26.949699997203425,1195.1622999913525,136.989
1776775751,1000,,Aggregated,164.111111,25.444444,200,360,480,540,640,760,920,1000,1100,1200,1200,2000,500,200,303.22011585008295,26.949699997203425,1195.1622999913525,136.989
1776775752,1000,,Aggregated,164.111111,25.444444,200,360,480,540,640,760,920,1000,1100,1200,1200,2000,500,200,303.22011585008295,26.949699997203425,1195.1622999913525,136.989
1776775753,1000,,Aggregated,164.111111,25.444444,200,360,480,540,640,760,920,1000,1100,1200,1200,2000,500,200,303.22011585008295,26.949699997203425,1195.1622999913525,136.989
